Product Name, Price
2 x IPhone XS 64GB (helt ny i boks),9 500 kr
Space grey Apple iphone 6s 64 GB,1 750 kr
Apple iPhone XS 64 GB,9 190 kr
Apple iPhone X 64GB Space Grey Warranty,6 900 kr
Apple iPhone 8 64GB Gull + hvitt silikondeksel,5 800 kr
Apple iPhone SE 16GB,1 000 kr
Apple iPhone 8 64GB,5 490 kr
Apple Iphone 7|  Red (special edition) 128gb,3 000 kr
Apple IPhone 7 32GB Som Ny,3 500 kr
Apple iPhone Xs Max,9 750 kr
Apple iPhone 7 Plus HO3 LCD Skjerm Svart/Hvit- Livstidsgaranti-30 dager betaling,599 kr
Apple Iphone xs. Gold| 256 GB,10 000 kr
Mobillader kit til Apple iPhone / iPad,230 kr
Apple iPhone 6 64 GB billig,1 500 kr
Eleexp Apple iPhone 5s Certificated Battery With Original TI IC - Faktura 30 dag,155 kr
Apple Iphone 6s Plus 128gb,3 000 kr
Apple iPhone 8+ 256Gb gull,7 900 kr
Apple iPhone 8+ power bank deksel,650 kr
Apple iPhone 5c 4G 8GB white Ulåst Ny,1 750 kr
Apple iPhone 5S 32gb,700 kr
KOMPLETT  I ESKE  APPLE  IPHONE 7 128GB GOLD,2 790 kr
Apple Iphone 7/8 Leather Case (Ny),150 kr
Apple iPhone 6 (16 GB) silver remanufactured,2 990 kr
Apple iPhone 5 hvit 16GB,750 kr
Original Apple iPhone skjermer selges,750 kr
Apple iPhone Xs 256 GB Sølv,12 000 kr
Apple iPhone X OLED Skjerm og touch med ramme - Premium Replacement.,1 999 kr
Apple iPhone XS 512GB,9 000 kr
Ny Apple iPhone XS Max - Sølv/Hvit,11 000 kr
Apple iPhone 7 128GB Rose,3 000 kr
Apple iPhone 7 HO3 LCD Skjerm Svart/Hvit- Livstidsgaranti - fra distributør.,599 kr
Apple iphone 7 | 32GB | Gull farge komplett med lader og øreplugger,2 700 kr
Apple iPhone X| Space Grey | 256GB,8 500 kr
APPLE IPHONE 7 128GB,4 999 kr
Apple IPhone 7 32 Svart/Hvit- Brukt| 6 Måneder Garanti. Faktura 30d| delbetaling,2 999 kr
Apple iphone 6 16gb,800 kr
Apple iPhone 7 pluss 256 GB,6 500 kr
Apple IPhone 6 plus 64GB,2 000 kr
Apple iPhone iPad mini 5-watts USB-lader,99 kr
Apple iphone 6s plus,3 500 kr
Apple iPhone XR og X deksel,100 kr
Apple Iphone 6 Pluss| 16 Gb,2 100 kr
Apple iPhone 7 256GB Jet Black komplett i eske m helt ny lader og hodetelefoner,5 995 kr
Apple iPhone 8 - 256GB med tilbehør,6 000 kr
Apple IPhone XS Max,13 000 kr
Pent brukt Apple iPhone 7 32 GB - Sølv,2 700 kr
Lader og 1 meter ladekabel til Apple iPhone,90 kr
Apple iPhone 3G,200 kr
Apple iPhone 5s| 32gb| sort,1 000 kr
2 x IPhone XS 64GB (helt ny i boks),9 500 kr
Space grey Apple iphone 6s 64 GB,1 750 kr
Apple iPhone XS 64 GB,9 190 kr
Apple iPhone X 64GB Space Grey Warranty,6 900 kr
Apple iPhone 8 64GB Gull + hvitt silikondeksel,5 800 kr
Apple iPhone SE 16GB,1 000 kr
Apple iPhone 8 64GB,5 490 kr
Apple Iphone 7|  Red (special edition) 128gb,3 000 kr
Apple IPhone 7 32GB Som Ny,3 500 kr
Apple iPhone Xs Max,9 750 kr
Apple iPhone 7 Plus HO3 LCD Skjerm Svart/Hvit- Livstidsgaranti-30 dager betaling,599 kr
IPhone 7 32Gb + Apple Watch Serie 3,5 000 kr
Apple Iphone xs. Gold| 256 GB,10 000 kr
Mobillader kit til Apple iPhone / iPad,230 kr
Eleexp Apple iPhone 5s Certificated Battery With Original TI IC - Faktura 30 dag,155 kr
Apple iPhone 6 64 GB billig,1 500 kr
Apple Iphone 6s Plus 128gb,3 000 kr
Apple iPhone 8+ 256Gb gull,7 900 kr
Apple iPhone 5c 4G 8GB white Ulåst Ny,1 750 kr
Apple iPhone 8+ power bank deksel,650 kr
Apple skinndeksel til iPhone X,300 kr
Apple iPhone 5S 32gb,700 kr
Apple iPhone 6 (16 GB) silver remanufactured,2 990 kr
KOMPLETT  I ESKE  APPLE  IPHONE 7 128GB GOLD,2 790 kr
Apple Iphone 7/8 Leather Case (Ny),150 kr
Apple iPhone 5 hvit 16GB,750 kr
Apple iPhone X OLED Skjerm og touch med ramme - Premium Replacement.,1 999 kr
Original Apple iPhone skjermer selges,750 kr
iPhone 8 deksel - original Apple skinn svart,275 kr
Iphone deksel orginalt apple Sort skinn,400 kr
Apple iPhone 7 HO3 LCD Skjerm Svart/Hvit- Livstidsgaranti - fra distributør.,599 kr
iPhone 6/6s plus deksel| original apple leather case,199 kr
Original rosa Apple silikondeksel for iPhone 6 Plus / 6s Plus,199 kr
Original Apple silikondeksel for iPhone 6 Plus / 6s Plus - rød,199 kr
Apple IPhone 7 32 Svart/Hvit- Brukt| 6 Måneder Garanti. Faktura 30d| delbetaling,2 999 kr
Apple Silicone Case - iPhone XS Max,300 kr
Apple iPhone Xs 256 GB Sølv,12 000 kr
Apple iPhone XS 512GB,9 000 kr
Ny Apple iPhone XS Max - Sølv/Hvit,11 000 kr
Apple iPhone 7 128GB Rose,3 000 kr
Apple iPhone X| Space Grey | 256GB,8 500 kr
Apple iphone 7 | 32GB | Gull farge komplett med lader og øreplugger,2 700 kr
APPLE IPHONE 7 128GB,4 999 kr
Ladestasjon iPhone| Apple watch| og Apple AirPods,149 kr
Apple iphone 6 16gb,800 kr
Apple leather case (red) edition til iPhone 7 plus/8 selges rimelig,299 kr
Apple iPhone 7 pluss 256 GB,6 500 kr
Apple iPod iPhone iPad USB lader ladekabel 30 pin,49 kr
Apple iPhone iPad mini 5-watts USB-lader,99 kr
2 x IPhone XS 64GB (helt ny i boks),9 500 kr
Space grey Apple iphone 6s 64 GB,1 750 kr
Apple iPhone XS 64 GB,9 190 kr
Apple iPhone X 64GB Space Grey Warranty,6 900 kr
Apple iPhone 8 64GB Gull + hvitt silikondeksel,5 800 kr
Apple iPhone SE 16GB,1 000 kr
Apple iPhone 8 64GB,5 490 kr
Apple Iphone 7|  Red (special edition) 128gb,3 000 kr
Apple IPhone 7 32GB Som Ny,3 500 kr
Apple iPhone Xs Max,9 750 kr
Apple iPhone 7 Plus HO3 LCD Skjerm Svart/Hvit- Livstidsgaranti-30 dager betaling,599 kr
IPhone 7 32Gb + Apple Watch Serie 3,5 000 kr
Apple Iphone xs. Gold| 256 GB,10 000 kr
Mobillader kit til Apple iPhone / iPad,230 kr
Eleexp Apple iPhone 5s Certificated Battery With Original TI IC - Faktura 30 dag,155 kr
Apple iPhone 6 64 GB billig,1 500 kr
Apple Iphone 6s Plus 128gb,3 000 kr
Apple iPhone 8+ 256Gb gull,7 900 kr
Apple iPhone 5c 4G 8GB white Ulåst Ny,1 750 kr
Apple iPhone 8+ power bank deksel,650 kr
Apple skinndeksel til iPhone X,300 kr
Apple iPhone 5S 32gb,700 kr
Apple iPhone 6 (16 GB) silver remanufactured,2 990 kr
KOMPLETT  I ESKE  APPLE  IPHONE 7 128GB GOLD,2 790 kr
Apple Iphone 7/8 Leather Case (Ny),150 kr
Apple iPhone 5 hvit 16GB,750 kr
Apple iPhone X OLED Skjerm og touch med ramme - Premium Replacement.,1 999 kr
Original Apple iPhone skjermer selges,750 kr
iPhone 8 deksel - original Apple skinn svart,275 kr
Iphone deksel orginalt apple Sort skinn,400 kr
Apple iPhone 7 HO3 LCD Skjerm Svart/Hvit- Livstidsgaranti - fra distributør.,599 kr
iPhone 6/6s plus deksel| original apple leather case,199 kr
Original rosa Apple silikondeksel for iPhone 6 Plus / 6s Plus,199 kr
Original Apple silikondeksel for iPhone 6 Plus / 6s Plus - rød,199 kr
Apple IPhone 7 32 Svart/Hvit- Brukt| 6 Måneder Garanti. Faktura 30d| delbetaling,2 999 kr
Apple Silicone Case - iPhone XS Max,300 kr
Apple iPhone Xs 256 GB Sølv,12 000 kr
Apple iPhone XS 512GB,9 000 kr
Ny Apple iPhone XS Max - Sølv/Hvit,11 000 kr
Apple iPhone 7 128GB Rose,3 000 kr
Apple iPhone X| Space Grey | 256GB,8 500 kr
Apple iphone 7 | 32GB | Gull farge komplett med lader og øreplugger,2 700 kr
APPLE IPHONE 7 128GB,4 999 kr
Ladestasjon iPhone| Apple watch| og Apple AirPods,149 kr
Apple iphone 6 16gb,800 kr
Apple leather case (red) edition til iPhone 7 plus/8 selges rimelig,299 kr
Apple iPhone 7 pluss 256 GB,6 500 kr
Apple iPod iPhone iPad USB lader ladekabel 30 pin,49 kr
Apple iPhone iPad mini 5-watts USB-lader,99 kr
2 x IPhone XS 64GB (helt ny i boks),9 500 kr
Space grey Apple iphone 6s 64 GB,1 750 kr
Apple iPhone XS 64 GB,9 190 kr
Apple iPhone X 64GB Space Grey Warranty,6 900 kr
Apple iPhone 8 64GB Gull + hvitt silikondeksel,5 800 kr
Apple iPhone SE 16GB,1 000 kr
Apple iPhone 8 64GB,5 490 kr
Apple Iphone 7|  Red (special edition) 128gb,3 000 kr
Apple IPhone 7 32GB Som Ny,3 500 kr
Apple iPhone Xs Max,9 750 kr
Apple iPhone 7 Plus HO3 LCD Skjerm Svart/Hvit- Livstidsgaranti-30 dager betaling,599 kr
IPhone 7 32Gb + Apple Watch Serie 3,5 000 kr
Apple Iphone xs. Gold| 256 GB,10 000 kr
Mobillader kit til Apple iPhone / iPad,230 kr
Eleexp Apple iPhone 5s Certificated Battery With Original TI IC - Faktura 30 dag,155 kr
Apple iPhone 6 64 GB billig,1 500 kr
Apple Iphone 6s Plus 128gb,3 000 kr
Apple iPhone 8+ 256Gb gull,7 900 kr
Apple iPhone 5c 4G 8GB white Ulåst Ny,1 750 kr
Apple iPhone 8+ power bank deksel,650 kr
Apple skinndeksel til iPhone X,300 kr
Apple iPhone 5S 32gb,700 kr
Apple iPhone 6 (16 GB) silver remanufactured,2 990 kr
KOMPLETT  I ESKE  APPLE  IPHONE 7 128GB GOLD,2 790 kr
Apple Iphone 7/8 Leather Case (Ny),150 kr
Apple iPhone 5 hvit 16GB,750 kr
Apple iPhone X OLED Skjerm og touch med ramme - Premium Replacement.,1 999 kr
Original Apple iPhone skjermer selges,750 kr
iPhone 8 deksel - original Apple skinn svart,275 kr
Iphone deksel orginalt apple Sort skinn,400 kr
Apple iPhone 7 HO3 LCD Skjerm Svart/Hvit- Livstidsgaranti - fra distributør.,599 kr
iPhone 6/6s plus deksel| original apple leather case,199 kr
Original rosa Apple silikondeksel for iPhone 6 Plus / 6s Plus,199 kr
Original Apple silikondeksel for iPhone 6 Plus / 6s Plus - rød,199 kr
Apple IPhone 7 32 Svart/Hvit- Brukt| 6 Måneder Garanti. Faktura 30d| delbetaling,2 999 kr
Apple Silicone Case - iPhone XS Max,300 kr
Apple iPhone Xs 256 GB Sølv,12 000 kr
Apple iPhone XS 512GB,9 000 kr
Ny Apple iPhone XS Max - Sølv/Hvit,11 000 kr
Apple iPhone 7 128GB Rose,3 000 kr
Apple iPhone X| Space Grey | 256GB,8 500 kr
Apple iphone 7 | 32GB | Gull farge komplett med lader og øreplugger,2 700 kr
APPLE IPHONE 7 128GB,4 999 kr
Ladestasjon iPhone| Apple watch| og Apple AirPods,149 kr
Apple iphone 6 16gb,800 kr
Apple leather case (red) edition til iPhone 7 plus/8 selges rimelig,299 kr
Apple iPhone 7 pluss 256 GB,6 500 kr
Apple iPod iPhone iPad USB lader ladekabel 30 pin,49 kr
Apple iPhone iPad mini 5-watts USB-lader,99 kr
2 x IPhone XS 64GB (helt ny i boks),9 500 kr
Space grey Apple iphone 6s 64 GB,1 750 kr
Apple iPhone XS 64 GB,9 190 kr
Apple iPhone X 64GB Space Grey Warranty,6 900 kr
Apple iPhone 8 64GB Gull + hvitt silikondeksel,5 800 kr
Apple iPhone SE 16GB,1 000 kr
Apple iPhone 8 64GB,5 490 kr
Apple Iphone 7|  Red (special edition) 128gb,3 000 kr
Apple IPhone 7 32GB Som Ny,3 500 kr
Apple iPhone Xs Max,9 750 kr
Apple iPhone 7 Plus HO3 LCD Skjerm Svart/Hvit- Livstidsgaranti-30 dager betaling,599 kr
IPhone 7 32Gb + Apple Watch Serie 3,5 000 kr
Apple Iphone xs. Gold| 256 GB,10 000 kr
Mobillader kit til Apple iPhone / iPad,230 kr
Eleexp Apple iPhone 5s Certificated Battery With Original TI IC - Faktura 30 dag,155 kr
Apple iPhone 6 64 GB billig,1 500 kr
Apple Iphone 6s Plus 128gb,3 000 kr
Apple iPhone 8+ 256Gb gull,7 900 kr
Apple iPhone 5c 4G 8GB white Ulåst Ny,1 750 kr
Apple iPhone 8+ power bank deksel,650 kr
Apple skinndeksel til iPhone X,300 kr
Apple iPhone 5S 32gb,700 kr
Apple iPhone 6 (16 GB) silver remanufactured,2 990 kr
KOMPLETT  I ESKE  APPLE  IPHONE 7 128GB GOLD,2 790 kr
Apple Iphone 7/8 Leather Case (Ny),150 kr
Apple iPhone 5 hvit 16GB,750 kr
Apple iPhone X OLED Skjerm og touch med ramme - Premium Replacement.,1 999 kr
Original Apple iPhone skjermer selges,750 kr
iPhone 8 deksel - original Apple skinn svart,275 kr
Iphone deksel orginalt apple Sort skinn,400 kr
Apple iPhone 7 HO3 LCD Skjerm Svart/Hvit- Livstidsgaranti - fra distributør.,599 kr
iPhone 6/6s plus deksel| original apple leather case,199 kr
Original rosa Apple silikondeksel for iPhone 6 Plus / 6s Plus,199 kr
Original Apple silikondeksel for iPhone 6 Plus / 6s Plus - rød,199 kr
Apple IPhone 7 32 Svart/Hvit- Brukt| 6 Måneder Garanti. Faktura 30d| delbetaling,2 999 kr
Apple Silicone Case - iPhone XS Max,300 kr
Apple iPhone Xs 256 GB Sølv,12 000 kr
Apple iPhone XS 512GB,9 000 kr
Ny Apple iPhone XS Max - Sølv/Hvit,11 000 kr
Apple iPhone 7 128GB Rose,3 000 kr
Apple iPhone X| Space Grey | 256GB,8 500 kr
Apple iphone 7 | 32GB | Gull farge komplett med lader og øreplugger,2 700 kr
APPLE IPHONE 7 128GB,4 999 kr
Ladestasjon iPhone| Apple watch| og Apple AirPods,149 kr
Apple iphone 6 16gb,800 kr
Apple leather case (red) edition til iPhone 7 plus/8 selges rimelig,299 kr
Apple iPhone 7 pluss 256 GB,6 500 kr
Apple iPod iPhone iPad USB lader ladekabel 30 pin,49 kr
Apple iPhone iPad mini 5-watts USB-lader,99 kr
2 x IPhone XS 64GB (helt ny i boks),9 500 kr
Space grey Apple iphone 6s 64 GB,1 750 kr
Apple iPhone XS 64 GB,9 190 kr
Apple iPhone X 64GB Space Grey Warranty,6 900 kr
Apple iPhone 8 64GB Gull + hvitt silikondeksel,5 800 kr
Apple iPhone SE 16GB,1 000 kr
Apple iPhone 8 64GB,5 490 kr
Apple Iphone 7|  Red (special edition) 128gb,3 000 kr
Apple IPhone 7 32GB Som Ny,3 500 kr
Apple iPhone Xs Max,9 750 kr
Apple iPhone 7 Plus HO3 LCD Skjerm Svart/Hvit- Livstidsgaranti-30 dager betaling,599 kr
IPhone 7 32Gb + Apple Watch Serie 3,5 000 kr
Apple Iphone xs. Gold| 256 GB,10 000 kr
Mobillader kit til Apple iPhone / iPad,230 kr
Eleexp Apple iPhone 5s Certificated Battery With Original TI IC - Faktura 30 dag,155 kr
Apple iPhone 6 64 GB billig,1 500 kr
Apple Iphone 6s Plus 128gb,3 000 kr
Apple iPhone 8+ 256Gb gull,7 900 kr
Apple iPhone 5c 4G 8GB white Ulåst Ny,1 750 kr
Apple iPhone 8+ power bank deksel,650 kr
Apple skinndeksel til iPhone X,300 kr
Apple iPhone 5S 32gb,700 kr
Apple iPhone 6 (16 GB) silver remanufactured,2 990 kr
KOMPLETT  I ESKE  APPLE  IPHONE 7 128GB GOLD,2 790 kr
Apple Iphone 7/8 Leather Case (Ny),150 kr
Apple iPhone 5 hvit 16GB,750 kr
Apple iPhone X OLED Skjerm og touch med ramme - Premium Replacement.,1 999 kr
Original Apple iPhone skjermer selges,750 kr
iPhone 8 deksel - original Apple skinn svart,275 kr
Iphone deksel orginalt apple Sort skinn,400 kr
Apple iPhone 7 HO3 LCD Skjerm Svart/Hvit- Livstidsgaranti - fra distributør.,599 kr
iPhone 6/6s plus deksel| original apple leather case,199 kr
Original rosa Apple silikondeksel for iPhone 6 Plus / 6s Plus,199 kr
Original Apple silikondeksel for iPhone 6 Plus / 6s Plus - rød,199 kr
Apple IPhone 7 32 Svart/Hvit- Brukt| 6 Måneder Garanti. Faktura 30d| delbetaling,2 999 kr
Apple Silicone Case - iPhone XS Max,300 kr
Apple iPhone Xs 256 GB Sølv,12 000 kr
Apple iPhone XS 512GB,9 000 kr
Ny Apple iPhone XS Max - Sølv/Hvit,11 000 kr
Apple iPhone 7 128GB Rose,3 000 kr
Apple iPhone X| Space Grey | 256GB,8 500 kr
Apple iphone 7 | 32GB | Gull farge komplett med lader og øreplugger,2 700 kr
APPLE IPHONE 7 128GB,4 999 kr
Ladestasjon iPhone| Apple watch| og Apple AirPods,149 kr
Apple iphone 6 16gb,800 kr
Apple leather case (red) edition til iPhone 7 plus/8 selges rimelig,299 kr
Apple iPhone 7 pluss 256 GB,6 500 kr
Apple iPod iPhone iPad USB lader ladekabel 30 pin,49 kr
Apple iPhone iPad mini 5-watts USB-lader,99 kr
2 x IPhone XS 64GB (helt ny i boks),9 500 kr
Space grey Apple iphone 6s 64 GB,1 750 kr
Apple iPhone XS 64 GB,9 190 kr
Apple iPhone X 64GB Space Grey Warranty,6 900 kr
Apple iPhone 8 64GB Gull + hvitt silikondeksel,5 800 kr
Apple iPhone SE 16GB,1 000 kr
Apple iPhone 8 64GB,5 490 kr
Apple Iphone 7|  Red (special edition) 128gb,3 000 kr
Apple IPhone 7 32GB Som Ny,3 500 kr
Apple iPhone Xs Max,9 750 kr
Apple iPhone 7 Plus HO3 LCD Skjerm Svart/Hvit- Livstidsgaranti-30 dager betaling,599 kr
IPhone 7 32Gb + Apple Watch Serie 3,5 000 kr
Apple Iphone xs. Gold| 256 GB,10 000 kr
Mobillader kit til Apple iPhone / iPad,230 kr
Eleexp Apple iPhone 5s Certificated Battery With Original TI IC - Faktura 30 dag,155 kr
Apple iPhone 6 64 GB billig,1 500 kr
Apple Iphone 6s Plus 128gb,3 000 kr
Apple iPhone 8+ 256Gb gull,7 900 kr
Apple iPhone 5c 4G 8GB white Ulåst Ny,1 750 kr
Apple iPhone 8+ power bank deksel,650 kr
Apple skinndeksel til iPhone X,300 kr
Apple iPhone 5S 32gb,700 kr
Apple iPhone 6 (16 GB) silver remanufactured,2 990 kr
KOMPLETT  I ESKE  APPLE  IPHONE 7 128GB GOLD,2 790 kr
Apple Iphone 7/8 Leather Case (Ny),150 kr
Apple iPhone 5 hvit 16GB,750 kr
Apple iPhone X OLED Skjerm og touch med ramme - Premium Replacement.,1 999 kr
Original Apple iPhone skjermer selges,750 kr
iPhone 8 deksel - original Apple skinn svart,275 kr
Iphone deksel orginalt apple Sort skinn,400 kr
Apple iPhone 7 HO3 LCD Skjerm Svart/Hvit- Livstidsgaranti - fra distributør.,599 kr
iPhone 6/6s plus deksel| original apple leather case,199 kr
Original rosa Apple silikondeksel for iPhone 6 Plus / 6s Plus,199 kr
Original Apple silikondeksel for iPhone 6 Plus / 6s Plus - rød,199 kr
Apple IPhone 7 32 Svart/Hvit- Brukt| 6 Måneder Garanti. Faktura 30d| delbetaling,2 999 kr
Apple Silicone Case - iPhone XS Max,300 kr
Apple iPhone Xs 256 GB Sølv,12 000 kr
Apple iPhone XS 512GB,9 000 kr
Ny Apple iPhone XS Max - Sølv/Hvit,11 000 kr
Apple iPhone 7 128GB Rose,3 000 kr
Apple iPhone X| Space Grey | 256GB,8 500 kr
Apple iphone 7 | 32GB | Gull farge komplett med lader og øreplugger,2 700 kr
APPLE IPHONE 7 128GB,4 999 kr
Ladestasjon iPhone| Apple watch| og Apple AirPods,149 kr
Apple iphone 6 16gb,800 kr
Apple leather case (red) edition til iPhone 7 plus/8 selges rimelig,299 kr
Apple iPhone 7 pluss 256 GB,6 500 kr
Apple iPod iPhone iPad USB lader ladekabel 30 pin,49 kr
Apple iPhone iPad mini 5-watts USB-lader,99 kr
2 x IPhone XS 64GB (helt ny i boks),9 500 kr
Space grey Apple iphone 6s 64 GB,1 750 kr
Apple iPhone XS 64 GB,9 190 kr
Apple iPhone X 64GB Space Grey Warranty,6 900 kr
Apple iPhone 8 64GB Gull + hvitt silikondeksel,5 800 kr
Apple iPhone SE 16GB,1 000 kr
Apple iPhone 8 64GB,5 490 kr
Apple Iphone 7|  Red (special edition) 128gb,3 000 kr
Apple IPhone 7 32GB Som Ny,3 500 kr
Apple iPhone Xs Max,9 750 kr
Apple iPhone 7 Plus HO3 LCD Skjerm Svart/Hvit- Livstidsgaranti-30 dager betaling,599 kr
IPhone 7 32Gb + Apple Watch Serie 3,5 000 kr
Apple Iphone xs. Gold| 256 GB,10 000 kr
Mobillader kit til Apple iPhone / iPad,230 kr
Eleexp Apple iPhone 5s Certificated Battery With Original TI IC - Faktura 30 dag,155 kr
Apple iPhone 6 64 GB billig,1 500 kr
Apple Iphone 6s Plus 128gb,3 000 kr
Apple iPhone 8+ 256Gb gull,7 900 kr
Apple iPhone 5c 4G 8GB white Ulåst Ny,1 750 kr
Apple iPhone 8+ power bank deksel,650 kr
Apple skinndeksel til iPhone X,300 kr
Apple iPhone 5S 32gb,700 kr
Apple iPhone 6 (16 GB) silver remanufactured,2 990 kr
KOMPLETT  I ESKE  APPLE  IPHONE 7 128GB GOLD,2 790 kr
Apple Iphone 7/8 Leather Case (Ny),150 kr
Apple iPhone 5 hvit 16GB,750 kr
Apple iPhone X OLED Skjerm og touch med ramme - Premium Replacement.,1 999 kr
Original Apple iPhone skjermer selges,750 kr
iPhone 8 deksel - original Apple skinn svart,275 kr
Iphone deksel orginalt apple Sort skinn,400 kr
Apple iPhone 7 HO3 LCD Skjerm Svart/Hvit- Livstidsgaranti - fra distributør.,599 kr
iPhone 6/6s plus deksel| original apple leather case,199 kr
Original rosa Apple silikondeksel for iPhone 6 Plus / 6s Plus,199 kr
Original Apple silikondeksel for iPhone 6 Plus / 6s Plus - rød,199 kr
Apple IPhone 7 32 Svart/Hvit- Brukt| 6 Måneder Garanti. Faktura 30d| delbetaling,2 999 kr
Apple Silicone Case - iPhone XS Max,300 kr
Apple iPhone Xs 256 GB Sølv,12 000 kr
Apple iPhone XS 512GB,9 000 kr
Ny Apple iPhone XS Max - Sølv/Hvit,11 000 kr
Apple iPhone 7 128GB Rose,3 000 kr
Apple iPhone X| Space Grey | 256GB,8 500 kr
Apple iphone 7 | 32GB | Gull farge komplett med lader og øreplugger,2 700 kr
APPLE IPHONE 7 128GB,4 999 kr
Ladestasjon iPhone| Apple watch| og Apple AirPods,149 kr
Apple iphone 6 16gb,800 kr
Apple leather case (red) edition til iPhone 7 plus/8 selges rimelig,299 kr
Apple iPhone 7 pluss 256 GB,6 500 kr
Apple iPod iPhone iPad USB lader ladekabel 30 pin,49 kr
Apple iPhone iPad mini 5-watts USB-lader,99 kr
2 x IPhone XS 64GB (helt ny i boks),9 500 kr
Space grey Apple iphone 6s 64 GB,1 750 kr
Apple iPhone XS 64 GB,9 190 kr
Apple iPhone X 64GB Space Grey Warranty,6 900 kr
Apple iPhone 8 64GB Gull + hvitt silikondeksel,5 800 kr
Apple iPhone SE 16GB,1 000 kr
Apple iPhone 8 64GB,5 490 kr
Apple Iphone 7|  Red (special edition) 128gb,3 000 kr
Apple IPhone 7 32GB Som Ny,3 500 kr
Apple iPhone Xs Max,9 750 kr
Apple iPhone 7 Plus HO3 LCD Skjerm Svart/Hvit- Livstidsgaranti-30 dager betaling,599 kr
IPhone 7 32Gb + Apple Watch Serie 3,5 000 kr
Apple Iphone xs. Gold| 256 GB,10 000 kr
Mobillader kit til Apple iPhone / iPad,230 kr
Eleexp Apple iPhone 5s Certificated Battery With Original TI IC - Faktura 30 dag,155 kr
Apple iPhone 6 64 GB billig,1 500 kr
Apple Iphone 6s Plus 128gb,3 000 kr
Apple iPhone 8+ 256Gb gull,7 900 kr
Apple iPhone 5c 4G 8GB white Ulåst Ny,1 750 kr
Apple iPhone 8+ power bank deksel,650 kr
Apple skinndeksel til iPhone X,300 kr
Apple iPhone 5S 32gb,700 kr
Apple iPhone 6 (16 GB) silver remanufactured,2 990 kr
KOMPLETT  I ESKE  APPLE  IPHONE 7 128GB GOLD,2 790 kr
Apple Iphone 7/8 Leather Case (Ny),150 kr
Apple iPhone 5 hvit 16GB,750 kr
Apple iPhone X OLED Skjerm og touch med ramme - Premium Replacement.,1 999 kr
Original Apple iPhone skjermer selges,750 kr
iPhone 8 deksel - original Apple skinn svart,275 kr
Iphone deksel orginalt apple Sort skinn,400 kr
Apple iPhone 7 HO3 LCD Skjerm Svart/Hvit- Livstidsgaranti - fra distributør.,599 kr
iPhone 6/6s plus deksel| original apple leather case,199 kr
Original rosa Apple silikondeksel for iPhone 6 Plus / 6s Plus,199 kr
Original Apple silikondeksel for iPhone 6 Plus / 6s Plus - rød,199 kr
Apple IPhone 7 32 Svart/Hvit- Brukt| 6 Måneder Garanti. Faktura 30d| delbetaling,2 999 kr
Apple Silicone Case - iPhone XS Max,300 kr
Apple iPhone Xs 256 GB Sølv,12 000 kr
Apple iPhone XS 512GB,9 000 kr
Ny Apple iPhone XS Max - Sølv/Hvit,11 000 kr
Apple iPhone 7 128GB Rose,3 000 kr
Apple iPhone X| Space Grey | 256GB,8 500 kr
Apple iphone 7 | 32GB | Gull farge komplett med lader og øreplugger,2 700 kr
APPLE IPHONE 7 128GB,4 999 kr
Ladestasjon iPhone| Apple watch| og Apple AirPods,149 kr
Apple iphone 6 16gb,800 kr
Apple leather case (red) edition til iPhone 7 plus/8 selges rimelig,299 kr
Apple iPhone 7 pluss 256 GB,6 500 kr
Apple iPod iPhone iPad USB lader ladekabel 30 pin,49 kr
Apple iPhone iPad mini 5-watts USB-lader,99 kr
2 x IPhone XS 64GB (helt ny i boks),9 500 kr
Space grey Apple iphone 6s 64 GB,1 750 kr
Apple iPhone XS 64 GB,9 190 kr
Apple iPhone X 64GB Space Grey Warranty,6 900 kr
Apple iPhone 8 64GB Gull + hvitt silikondeksel,5 800 kr
Apple iPhone SE 16GB,1 000 kr
Apple iPhone 8 64GB,5 490 kr
Apple Iphone 7|  Red (special edition) 128gb,3 000 kr
Apple IPhone 7 32GB Som Ny,3 500 kr
Apple iPhone Xs Max,9 750 kr
Apple iPhone 7 Plus HO3 LCD Skjerm Svart/Hvit- Livstidsgaranti-30 dager betaling,599 kr
IPhone 7 32Gb + Apple Watch Serie 3,5 000 kr
Apple Iphone xs. Gold| 256 GB,10 000 kr
Mobillader kit til Apple iPhone / iPad,230 kr
Eleexp Apple iPhone 5s Certificated Battery With Original TI IC - Faktura 30 dag,155 kr
Apple iPhone 6 64 GB billig,1 500 kr
Apple Iphone 6s Plus 128gb,3 000 kr
Apple iPhone 8+ 256Gb gull,7 900 kr
Apple iPhone 5c 4G 8GB white Ulåst Ny,1 750 kr
Apple iPhone 8+ power bank deksel,650 kr
Apple skinndeksel til iPhone X,300 kr
Apple iPhone 5S 32gb,700 kr
Apple iPhone 6 (16 GB) silver remanufactured,2 990 kr
KOMPLETT  I ESKE  APPLE  IPHONE 7 128GB GOLD,2 790 kr
Apple Iphone 7/8 Leather Case (Ny),150 kr
Apple iPhone 5 hvit 16GB,750 kr
Apple iPhone X OLED Skjerm og touch med ramme - Premium Replacement.,1 999 kr
Original Apple iPhone skjermer selges,750 kr
iPhone 8 deksel - original Apple skinn svart,275 kr
Iphone deksel orginalt apple Sort skinn,400 kr
Apple iPhone 7 HO3 LCD Skjerm Svart/Hvit- Livstidsgaranti - fra distributør.,599 kr
iPhone 6/6s plus deksel| original apple leather case,199 kr
Original rosa Apple silikondeksel for iPhone 6 Plus / 6s Plus,199 kr
Original Apple silikondeksel for iPhone 6 Plus / 6s Plus - rød,199 kr
Apple IPhone 7 32 Svart/Hvit- Brukt| 6 Måneder Garanti. Faktura 30d| delbetaling,2 999 kr
Apple Silicone Case - iPhone XS Max,300 kr
Apple iPhone Xs 256 GB Sølv,12 000 kr
Apple iPhone XS 512GB,9 000 kr
Ny Apple iPhone XS Max - Sølv/Hvit,11 000 kr
Apple iPhone 7 128GB Rose,3 000 kr
Apple iPhone X| Space Grey | 256GB,8 500 kr
Apple iphone 7 | 32GB | Gull farge komplett med lader og øreplugger,2 700 kr
APPLE IPHONE 7 128GB,4 999 kr
Ladestasjon iPhone| Apple watch| og Apple AirPods,149 kr
Apple iphone 6 16gb,800 kr
Apple leather case (red) edition til iPhone 7 plus/8 selges rimelig,299 kr
Apple iPhone 7 pluss 256 GB,6 500 kr
Apple iPod iPhone iPad USB lader ladekabel 30 pin,49 kr
Apple iPhone iPad mini 5-watts USB-lader,99 kr
